{"cameraMode":{"drawMode":0,"name":"Shaded","section":"Shading Mode"},"sceneLighting":true,"audioPlay":false,"sceneViewState":{"showFog":true,"showMaterialUpdate":false,"showSkybox":true,"showFlares":true,"showImageEffects":true,"showParticleSystems":true},"in2DMode":false,"pivot":{"x":-0.09641873836517334,"y":0.10643982887268067,"z":3.456209182739258},"rotation":{"x":0.04514697939157486,"y":0.9386983513832092,"z":-0.3140050172805786,"w":0.1349654644727707},"size":2.6019833087921144,"orthographic":false}