{"cameraMode":{"drawMode":0,"name":"Shaded","section":"Shading Mode"},"sceneLighting":true,"audioPlay":false,"sceneViewState":{"showFog":true,"showMaterialUpdate":false,"showSkybox":true,"showFlares":true,"showImageEffects":true,"showParticleSystems":true},"in2DMode":false,"pivot":{"x":-1.3912720680236817,"y":-2.3428187370300295,"z":-0.8460855484008789},"rotation":{"x":0.04327172040939331,"y":0.9421435594558716,"z":-0.30419549345970156,"w":0.13401897251605988},"size":5.789088726043701,"orthographic":false}