{"cameraMode":{"drawMode":0,"name":"Shaded","section":"Shading Mode"},"sceneLighting":true,"audioPlay":false,"sceneViewState":{"showFog":true,"showMaterialUpdate":false,"showSkybox":true,"showFlares":true,"showImageEffects":true,"showParticleSystems":true},"in2DMode":false,"pivot":{"x":-1.3664556741714478,"y":0.941719114780426,"z":4.205772399902344},"rotation":{"x":0.09479755163192749,"y":0.8862550854682922,"z":-0.20873568952083589,"w":0.4024936258792877},"size":0.8019835352897644,"orthographic":false}