{"cameraMode":{"drawMode":0,"name":"Shaded","section":"Shading Mode"},"sceneLighting":true,"audioPlay":false,"sceneViewState":{"showFog":true,"showMaterialUpdate":false,"showSkybox":true,"showFlares":true,"showImageEffects":true,"showParticleSystems":true},"in2DMode":false,"pivot":{"x":-1.1017240285873414,"y":0.8759478330612183,"z":4.249737739562988},"rotation":{"x":0.0385463647544384,"y":0.9574106335639954,"z":-0.15235570073127747,"w":0.24222518503665925},"size":0.8019835352897644,"orthographic":false}